An,30,IT,HCM
Thanh,25,Dev,Binh Duong
An,30,IT,HCM
Thanh,25,Dev,Binh Duong
An,30,IT,HCM
Thanh,25,Dev,Binh Duong
An,30,IT,HCM
Thanh,25,Dev,Binh Duong
An,30,IT,HCM
Thanh,25,Dev,Binh Duong
An,30,IT,HCM
Thanh,25,Dev,Binh Duong
An,30,IT,HCM
Thanh,25,Dev,Binh Duong
An,30,IT,HCM
Thanh,25,Dev,Binh Duong
An,30,IT,HCM
Thanh,25,Dev,Binh Duong
An,30,IT,HCM
Thanh,25,Dev,Binh Duong
An,30,IT,HCM
Thanh,25,Dev,Binh Duong
An,30,IT,HCM
Thanh,25,Dev,Binh Duong
An,30,IT,HCM
Thanh,25,Dev,Binh Duong
An,30,IT,HCM
Thanh,25,Dev,Binh Duong
An,30,IT,HCM
Thanh,25,Dev,Binh Duong
An,30,IT,HCM
Thanh,25,Dev,Binh Duong
An,30,IT,HCM
Thanh,25,Dev,Binh Duong
An,30,IT,HCM
Thanh,25,Dev,Binh Duong
An,30,IT,HCM
Thanh,25,Dev,Binh Duong
An,30,IT,HCM
Thanh,25,Dev,Binh Duong
An,30,IT,HCM
Thanh,25,Dev,Binh Duong
